Country_clean,Year,GDP,Population,GDP_per_capita,Rank_pc,Region
Afghanistan,2020,20136.0,39068979.0,515.3961151633883,190.0,Asia
Albania,2020,15271.0,2837849.0,5381.188357801983,96.0,Europe
Algeria,2020,164774.0,44042091.0,3741.284672428473,120.0,Africa
Andorra,2020,2885.0,77380.0,37283.53579736366,25.0,Europe
Angola,2020,66521.0,33451132.0,1988.6023588080666,148.0,Africa
Antigua and Barbuda,2020,1412.0,91846.0,15373.560089715393,54.0,North America
Argentina,2020,385218.0,45191965.0,8524.037403551716,73.0,South America
Armenia,2020,12642.0,2961500.0,4268.782711463785,111.0,Asia
Aruba,2020,2486.0,108587.0,22894.084927293323,41.0,North America
Australia,2020,1362613.0,25649248.0,53124.871341257254,10.0,Oceania
Austria,2020,434050.0,8916864.0,48677.42740048519,14.0,Europe
Azerbaijan,2020,42693.0,10093121.0,4229.910649045028,112.0,Asia
Bahamas,2020,9958.0,395863.0,25155.167317986274,36.0,North America
Bahrain,2020,35838.0,1472204.0,24343.09375602838,37.0,Asia
Bangladesh,2020,373902.0,166298024.0,2248.3851040827763,139.0,Asia
Barbados,2020,5168.0,281698.0,18345.888149720624,47.0,North America
Belarus,2020,61312.0,9379952.0,6536.494003380828,88.0,Europe
Belgium,2020,529269.0,11538604.0,45869.41366563927,17.0,Europe
Belize,2020,2043.0,390812.0,5227.577454121163,99.0,North America
Benin,2020,15674.0,13070169.0,1199.2193827027027,165.0,Africa
Bhutan,2020,2586.0,770006.0,3358.415388970995,128.0,Asia
Bolivia,2020,36897.0,11816299.0,3122.5513166178343,133.0,South America
Bosnia and Herzegovina,2020,20226.0,3299349.0,6130.300250140255,91.0,Europe
Botswana,2020,14930.0,2365894.0,6310.510952730765,89.0,Africa
Brazil,2020,1476092.0,208660842.0,7074.120787838094,82.0,South America
Brunei,2020,12006.0,447404.0,26834.807020053464,33.0,Asia
Bulgaria,2020,70658.0,6550696.0,10786.334765038708,63.0,Europe
Burkina Faso,2020,17837.0,21478690.0,830.4510191263993,176.0,Africa
Burundi,2020,3089.0,12617036.0,244.82770755350148,195.0,Africa
Cape Verde,2020,1831.0,514679.0,3557.5572347035727,121.0,Africa
Cambodia,2020,34898.0,16725474.0,2086.517846968044,144.0,Asia
Cameroon,2020,40863.0,26210558.0,1559.028235873498,157.0,Africa
Canada,2020,1655685.0,38028638.0,43537.846398811336,20.0,North America
Central African Republic,2020,2389.0,5026628.0,475.2689079040661,192.0,Africa
Chad,2020,14954.0,17224679.0,868.1729279251009,171.0,Africa
Chile,2020,254060.0,19370624.0,13115.736488406363,60.0,South America
China,2020,15103357.0,1411100000.0,10703.250655516973,65.0,Asia
Colombia,2020,270348.0,50629997.0,5339.68034799607,98.0,South America
Comoros,2020,1218.0,802163.0,1518.394640490773,158.0,Africa
Democratic Republic of the Congo,2020,49613.0,95989998.0,516.85593326088,189.0,Africa
Republic of the Congo,2020,11485.0,5752791.0,1996.4222583438195,147.0,Africa
Costa Rica,2020,62382.0,5034320.0,12391.345802412243,62.0,North America
Ivory Coast,2020,63119.0,28915449.0,2182.8815454326855,143.0,Africa
Croatia,2020,57919.0,3914206.0,14797.126160452464,56.0,Europe
Cyprus,2020,25535.0,1302247.0,19608.41530063037,45.0,Asia
Czech Republic,2020,251110.0,10697858.0,23472.92327118195,39.0,Europe
Denmark,2020,355631.0,5831404.0,60985.48479920102,7.0,Europe
Djibouti,2020,3144.0,1105188.0,2844.7648725827644,135.0,Africa
Dominica,2020,504.0,67573.0,7458.6003285335855,79.0,North America
Dominican Republic,2020,78625.0,11008300.0,7142.33805401379,81.0,North America
Ecuador,2020,95865.0,17546065.0,5463.618195874687,95.0,South America
Egypt,2020,382525.0,109315124.0,3499.287070286816,125.0,Africa
El Salvador,2020,24921.0,6234673.0,3997.162321103288,116.0,North America
Equatorial Guinea,2020,9908.0,1716468.0,5772.318505209535,92.0,Africa
Eritrea,2020,1982.0,3291271.0,602.1989681190032,184.0,Africa
Estonia,2020,31795.0,1329522.0,23914.609912434695,38.0,Europe
Eswatini,2020,3984.0,1192729.0,3340.2390652025733,129.0,Africa
Ethiopia,2020,96611.0,118917671.0,812.4192072345581,177.0,Africa
Fiji,2020,4432.0,914963.0,4843.911721020413,102.0,Oceania
Finland,2020,269784.0,5529543.0,48789.565430633236,13.0,Europe
France,2020,2645806.0,67601110.0,39138.49935304317,24.0,Europe
Gabon,2020,15364.0,2322539.0,6615.174169303508,87.0,Africa
Gambia,2020,1809.0,2515733.0,719.0747189785244,182.0,Africa
Georgia,2020,16013.0,3722716.0,4301.429386501683,110.0,Asia
Germany,2020,3936989.0,83160871.0,47341.84421901978,15.0,Europe
Ghana,2020,70008.0,31887809.0,2195.4471691673766,141.0,Africa
Greece,2020,191210.0,10698599.0,17872.433577517953,48.0,Europe
Grenada,2020,1043.0,116341.0,8965.0252275638,69.0,North America
Guatemala,2020,77718.0,17357325.0,4477.53326045344,105.0,North America
Guinea,2020,14089.0,13371183.0,1053.6838812242715,167.0,Africa
Guinea-Bissau,2020,1523.0,2013255.0,756.4863864736459,180.0,Africa
Guyana,2020,5471.0,807481.0,6775.391619121689,84.0,South America
Haiti,2020,14508.0,11243848.0,1290.3055964470527,161.0,North America
Honduras,2020,23190.0,10119640.0,2291.583495065042,138.0,North America
Hong Kong,2020,344941.0,7481000.0,46108.9426547253,16.0,Asia
Hungary,2020,158468.0,9670419.0,16386.880444373714,51.0,Europe
Iceland,2020,21630.0,366463.0,59023.69407006983,8.0,Europe
India,2020,2674852.0,1402617695.0,1907.0428168240098,152.0,Asia
Indonesia,2020,1059055.0,274814866.0,3853.7034601323203,118.0,Asia
Iran,2020,195528.0,87723443.0,2228.9138833732277,140.0,Asia
Iraq,2020,182576.0,42116605.0,4335.01228316005,108.0,Asia
Ireland,2020,436205.0,5039747.0,86552.95593211325,2.0,Europe
Israel,2020,410771.0,9215100.0,44575.85918763768,18.0,Asia
Italy,2020,1905956.0,59438851.0,32065.828459570996,29.0,Europe
Jamaica,2020,13885.0,2830739.0,4905.079556963747,101.0,North America
Japan,2020,5054069.0,126261000.0,40028.74205019761,23.0,Asia
Jordan,2020,43762.0,10865228.0,4027.7111534152805,114.0,Asia
Kazakhstan,2020,171082.0,19482117.0,8781.489198530118,71.0,Asia
Kenya,2020,100912.0,52217334.0,1932.5383406207602,151.0,Africa
Kiribati,2020,222.0,126099.0,1760.5214950158208,154.0,Oceania
South Korea,2020,1744456.0,51836239.0,33653.21315074575,28.0,Asia
Kosovo,2020,7728.0,1790151.0,4316.95426810364,109.0,
Kuwait,2020,111048.0,4400267.0,25236.650412349976,35.0,Asia
Kyrgyzstan,2020,8283.0,6726596.0,1231.3806269917206,164.0,Asia
Laos,2020,18511.0,7346533.0,2519.6919417635504,136.0,Asia
Latvia,2020,33353.0,1900449.0,17550.06316928263,49.0,Europe
Lebanon,2020,24976.0,5702398.0,4379.911749407881,106.0,Asia
Lesotho,2020,2092.0,2235727.0,935.7135285300933,170.0,Africa
Liberia,2020,3037.0,5149463.0,589.7702342943332,185.0,Africa
Libya,2020,46893.0,7045399.0,6655.833118890782,86.0,Africa
Lithuania,2020,57352.0,2810369.0,20407.284595012257,43.0,Europe
Luxembourg,2020,73612.0,630419.0,116766.78526503801,1.0,Europe
Macau,2020,25344.0,685400.0,36976.94776772687,27.0,Asia
Madagascar,2020,13051.0,28953556.0,450.7563768678362,194.0,Africa
Malawi,2020,11847.0,19533888.0,606.4844848091685,183.0,Africa
Malaysia,2020,337456.0,33889558.0,9957.521428871985,67.0,Asia
Maldives,2020,3706.0,502118.0,7380.735205668787,80.0,Asia
Mali,2020,17491.0,21713836.0,805.523261758079,178.0,Africa
Malta,2020,16397.0,515490.0,31808.570486333392,30.0,Europe
Marshall Islands,2020,242.0,42706.0,5666.651056057697,93.0,Oceania
Mauritania,2020,8464.0,4600131.0,1839.9476014922184,153.0,Africa
Mauritius,2020,11408.0,1266014.0,9010.958804562983,68.0,Africa
Mexico,2020,1121065.0,126799054.0,8841.272585519448,70.0,North America
Federated States of Micronesia,2020,373.0,110916.0,3362.905261639439,127.0,Oceania
Moldova,2020,11530.0,2635130.0,4375.495706094196,107.0,Europe
Mongolia,2020,13313.0,3327204.0,4001.257512313642,115.0,Asia
Montenegro,2020,4777.0,626590.0,7623.805039978295,77.0,Europe
Morocco,2020,121354.0,36584208.0,3317.1143133671226,130.0,Africa
Mozambique,2020,14235.0,30783688.0,462.42022723203274,193.0,Africa
Myanmar,2020,65631.0,53016522.0,1237.934846046672,163.0,Asia
Namibia,2020,10583.0,2728762.0,3878.315514508044,117.0,Africa
Nauru,2020,125.0,11643.0,10736.064588164563,64.0,Oceania
Nepal,2020,33434.0,28966574.0,1154.2269375729418,166.0,Asia
Netherlands,2020,931814.0,17441500.0,53425.106785540236,9.0,Europe
New Zealand,2020,210541.0,5090200.0,41362.028996896,21.0,Oceania
Nicaragua,2020,12730.0,6565267.0,1938.9919709282196,150.0,North America
Niger,2020,13764.0,23717613.0,580.3282143106054,186.0,Africa
Nigeria,2020,432299.0,213996181.0,2020.1248357791956,146.0,Africa
North Macedonia,2020,12385.0,1856124.0,6672.506793727143,85.0,Europe
Norway,2020,367633.0,5379475.0,68339.94023580368,4.0,Europe
Oman,2020,75909.0,4522497.0,16784.754086072364,50.0,Asia
Pakistan,2020,300410.0,235001746.0,1278.3309278051065,162.0,Asia
Palau,2020,259.0,17792.0,14557.104316546762,57.0,Oceania
Panama,2020,57087.0,4293261.0,13296.885514297874,59.0,North America
Papua New Guinea,2020,23848.0,9815746.0,2429.565720221367,137.0,Oceania
Paraguay,2020,35432.0,6603739.0,5365.44524246037,97.0,South America
Peru,2020,206461.0,32838579.0,6287.147808679541,90.0,South America
Philippines,2020,361751.0,112081264.0,3227.57780461862,132.0,Asia
Poland,2020,605930.0,37515748.0,16151.35062747516,52.0,Europe
Portugal,2020,229435.0,10297081.0,22281.557268511337,42.0,Europe
Puerto Rico,2020,103131.0,3281590.0,31427.14354931603,31.0,North America
Qatar,2020,144411.0,2794148.0,51683.37539743779,12.0,Asia
Romania,2020,252372.0,19265250.0,13099.855958266828,61.0,Europe
Russia,2020,1488118.0,145245148.0,10245.560836221532,66.0,Europe
Rwanda,2020,10174.0,13065837.0,778.6718906718337,179.0,Africa
Samoa,2020,869.0,211944.0,4100.139659532707,113.0,Oceania
San Marino,2020,1543.0,34770.0,44377.33678458441,19.0,Europe
Sao Tome and Principe,2020,476.0,217435.0,2189.1599788442522,142.0,Africa
Saudi Arabia,2020,734271.0,31552510.0,23271.39742606848,40.0,Asia
Senegal,2020,24534.0,16789219.0,1461.294894062672,160.0,Africa
Serbia,2020,55874.0,6899126.0,8098.706995639737,76.0,Europe
Seychelles,2020,1384.0,98462.0,14056.184111636976,58.0,Africa
Sierra Leone,2020,6682.0,7912558.0,844.4803816919889,174.0,Africa
Singapore,2020,349166.0,5685807.0,61410.104141769145,6.0,Asia
Slovakia,2020,107646.0,5458827.0,19719.62108343056,44.0,Europe
Slovenia,2020,53342.0,2102419.0,25371.72656830061,34.0,Europe
Solomon Islands,2020,1536.0,744498.0,2063.1351595303145,145.0,Oceania
Somalia,2020,8628.0,16651191.0,518.1611333387503,188.0,Africa
South Africa,2020,337876.0,60562381.0,5578.97484248514,94.0,Africa
South Sudan,2020,5423.0,10698467.0,506.8950532819328,191.0,Africa
Spain,2020,1288751.0,47359424.0,27212.134167847988,32.0,Europe
Sri Lanka,2020,84304.0,21919000.0,3846.1608650029652,119.0,Asia
Saint Kitts and Nevis,2020,884.0,46870.0,18860.678472370386,46.0,North America
Saint Lucia,2020,1499.0,178250.0,8409.537166900422,74.0,North America
Saint Vincent and the Grenadines,2020,864.0,103526.0,8345.729575179183,75.0,North America
Sudan,2020,35237.0,46789231.0,753.100644034949,181.0,Africa
Suriname,2020,2912.0,612317.0,4755.706602952392,104.0,South America
Sweden,2020,545148.0,10353442.0,52653.79378181671,11.0,Europe
Switzerland,2020,741288.0,8638167.0,85815.42820369183,3.0,Europe
Syria,2020,60043.0,21049429.0,2852.4764258450905,134.0,Asia
Tajikistan,2020,8134.0,9749310.0,834.3154541193171,175.0,Asia
Tanzania,2020,63373.0,60972798.0,1039.365128036276,168.0,Africa
Thailand,2020,500462.0,71641484.0,6985.645355978389,83.0,Asia
Timor-Leste,2020,2163.0,1326053.0,1631.1565224014425,156.0,
Togo,2020,7400.0,8669720.0,853.545443220773,172.0,Africa
Tonga,2020,503.0,105704.0,4758.571104215545,103.0,Oceania
Trinidad and Tobago,2020,20991.0,1366725.0,15358.612742139056,55.0,North America
Tunisia,2020,42494.0,11974057.0,3548.8389607632566,122.0,Africa
Turkey,2020,717114.0,83384680.0,8600.06898149636,72.0,Asia
Turkmenistan,2020,52385.0,6949912.0,7537.505510861145,78.0,Asia
Tuvalu,2020,52.0,10399.0,5000.4808154630255,100.0,Oceania
Uganda,2020,37889.0,44457152.0,852.2588221575687,173.0,Africa
Ukraine,2020,156566.0,44680014.0,3504.161838445261,124.0,Europe
United Arab Emirates,2020,349473.0,9401038.0,37173.873778618916,26.0,Asia
United Kingdom,2020,2698705.0,66744000.0,40433.671940548964,22.0,Europe
United States,2020,21354125.0,331577720.0,64401.56775310476,5.0,North America
Uruguay,2020,53557.0,3398968.0,15756.841488357642,53.0,South America
Uzbekistan,2020,66443.0,33586372.0,1978.2726160479613,149.0,Asia
Vanuatu,2020,1008.0,298858.0,3372.839274839556,126.0,Oceania
Venezuela,2020,42838.0,28444077.0,1506.0428925150218,159.0,South America
Vietnam,2020,346310.0,98079191.0,3530.9222727989263,123.0,Asia
Palestine,2020,15532.0,4803269.0,3233.6310958224494,131.0,Asia
Yemen,2020,20220.0,36134863.0,559.5704071162522,187.0,Asia
Zambia,2020,18138.0,19059395.0,951.6566501717394,169.0,Africa
Zimbabwe,2020,26878.0,15526888.0,1731.06162677286,155.0,Africa
Afghanistan,2021,14278.0,40000412.0,356.94632345286846,192.0,Asia
Albania,2021,18086.0,2811666.0,6432.485224062886,93.0,Europe
Algeria,2021,185850.0,44761099.0,4152.042826294323,118.0,Africa
Andorra,2021,3325.0,78364.0,42430.19753968659,26.0,Europe
Angola,2021,84375.0,34532429.0,2443.3554905738024,143.0,Africa
Antigua and Barbuda,2021,1602.0,92349.0,17347.237111392653,56.0,North America
Argentina,2021,486040.0,45312281.0,10726.451842051385,68.0,South America
Armenia,2021,13879.0,2962300.0,4685.2108159200625,111.0,Asia
Aruba,2021,2929.0,107700.0,27195.914577530177,40.0,North America
Australia,2021,1655843.0,25685412.0,64466.28148304571,10.0,Oceania
Austria,2021,480786.0,8955797.0,53684.3342920792,14.0,Europe
Azerbaijan,2021,54825.0,10137750.0,5408.0047347784275,100.0,Asia
Bahamas,2021,11369.0,396373.0,28682.57928769114,36.0,North America
Bahrain,2021,40840.0,1504365.0,27147.666955825214,41.0,Asia
Bangladesh,2021,416265.0,167658854.0,2482.809527017285,140.0,Asia
Barbados,2021,5275.0,282147.0,18695.928009158346,50.0,North America
Belarus,2021,68207.0,9302585.0,7332.048027510633,87.0,Europe
Belgium,2021,598892.0,11586195.0,51690.13640802696,19.0,Europe
Belize,2021,2421.0,395346.0,6123.749829263481,96.0,North America
Benin,2021,17699.0,13413417.0,1319.4997218083952,163.0,Africa
Bhutan,2021,2623.0,775442.0,3382.586963306089,132.0,Asia
Bolivia,2021,40701.0,11937360.0,3409.547839723356,131.0,South America
Bosnia and Herzegovina,2021,23673.0,3244907.0,7295.43250392076,88.0,Europe
Botswana,2021,18750.0,2401441.0,7807.81205950927,85.0,Africa
Brazil,2021,1670650.0,209550294.0,7972.549062613102,84.0,South America
Brunei,2021,14006.0,451721.0,31005.8642392096,33.0,Asia
Bulgaria,2021,84477.0,6507301.0,12981.879891524919,63.0,Europe
Burkina Faso,2021,19747.0,21995243.0,897.7850347004577,173.0,Africa
Burundi,2021,3356.0,12965481.0,258.84114904799907,193.0,Africa
Cape Verde,2021,2053.0,516649.0,3973.6842614618436,121.0,Africa
Cambodia,2021,36797.0,16974305.0,2167.805986754686,150.0,Asia
Cameroon,2021,45036.0,26915758.0,1673.2205721273017,158.0,Africa
Canada,2021,2022382.0,38239864.0,52886.74666834589,16.0,North America
Central African Republic,2021,2585.0,5112100.0,505.6630347606659,190.0,Africa
Chad,2021,16881.0,17828273.0,946.8668109356414,170.0,Africa
Chile,2021,315411.0,19456334.0,16211.224581156965,57.0,South America
China,2021,18190803.0,1412360000.0,12879.72117590416,64.0,Asia
Colombia,2021,318525.0,51188173.0,6222.628809197781,95.0,South America
Comoros,2021,1273.0,818174.0,1555.9037564136725,160.0,Africa
Democratic Republic of the Congo,2021,55327.0,99148932.0,558.0191221827786,185.0,Africa
Republic of the Congo,2021,13387.0,5892183.0,2271.9932493610604,146.0,Africa
Costa Rica,2021,64954.0,5059988.0,12836.789336259295,65.0,North America
Ivory Coast,2021,72833.0,29639736.0,2457.2755978663236,141.0,Africa
Croatia,2021,69055.0,3878981.0,17802.355824893188,54.0,Europe
Cyprus,2021,30393.0,1317309.0,23072.035490534112,44.0,Asia
Czech Republic,2021,290973.0,10505772.0,27696.48912997541,39.0,Europe
Denmark,2021,408378.0,5856733.0,69727.95242671981,8.0,Europe
Djibouti,2021,3393.0,1121248.0,3026.0923542338537,134.0,Africa
Dominica,2021,555.0,67202.0,8258.682777298294,82.0,North America
Dominican Republic,2021,95067.0,11123476.0,8546.519091694,81.0,North America
Ecuador,2021,107179.0,17682454.0,6061.319316877623,98.0,South America
Egypt,2021,423300.0,110957008.0,3814.9911180013073,125.0,Africa
El Salvador,2021,29043.0,6255782.0,4642.585051716956,112.0,North America
Equatorial Guinea,2021,12222.0,1758786.0,6949.111489402349,90.0,Africa
Eritrea,2021,,3350183.0,,,Africa
Estonia,2021,37229.0,1330932.0,27972.12780217171,38.0,Europe
Eswatini,2021,4851.0,1206593.0,4020.411190848944,119.0,Africa
Ethiopia,2021,99261.0,122138588.0,812.6915631282719,179.0,Africa
Fiji,2021,4305.0,916711.0,4696.1365141249535,110.0,Oceania
Finland,2021,294419.0,5541017.0,53134.46971918693,15.0,Europe
France,2021,2968405.0,67842811.0,43754.15694376225,24.0,Europe
Gabon,2021,19455.0,2376722.0,8185.64392469965,83.0,Africa
Gambia,2021,2045.0,2576010.0,793.863377859558,180.0,Africa
Georgia,2021,18849.0,3708610.0,5082.497215938047,104.0,Asia
Germany,2021,4351188.0,83196078.0,52300.39810290096,17.0,Europe
Ghana,2021,79514.0,32518665.0,2445.180329512297,142.0,Africa
Greece,2021,218449.0,10569207.0,20668.438038918153,46.0,Europe
Grenada,2021,1123.0,116688.0,9623.954476895653,75.0,North America
Guatemala,2021,86467.0,17598650.0,4913.274597767442,108.0,North America
Guinea,2021,16320.0,13710513.0,1190.3274516424003,165.0,Africa
Guinea-Bissau,2021,1722.0,2058841.0,836.3929026087978,177.0,Africa
Guyana,2021,8041.0,815482.0,9860.426103825714,73.0,South America
Haiti,2021,21017.0,11374586.0,1847.7156003743785,157.0,North America
Honduras,2021,27950.0,10289877.0,2716.261817318127,136.0,North America
Hong Kong,2021,368954.0,7413100.0,49770.54133898099,20.0,Asia
Hungary,2021,183283.0,9630932.0,19030.660791707385,49.0,Europe
Iceland,2021,25770.0,372520.0,69177.49382583486,9.0,Europe
India,2021,3167271.0,1414203896.0,2239.6141100717205,148.0,Asia
Indonesia,2021,1186510.0,276758053.0,4287.17425613628,116.0,Asia
Iran,2021,289294.0,88455488.0,3270.5036910768044,133.0,Asia
Iraq,2021,210753.0,43071211.0,4893.12919481182,109.0,Asia
Ireland,2021,531660.0,5110585.0,104031.14320571911,2.0,Europe
Israel,2021,489854.0,9371400.0,52271.16546087031,18.0,Asia
Italy,2021,2180656.0,59133173.0,36877.033471550734,30.0,Europe
Jamaica,2021,14674.0,2837682.0,5171.122063712565,103.0,North America
Japan,2021,5039148.0,125681593.0,40094.55863596509,27.0,Asia
Jordan,2021,46362.0,11066356.0,4189.454956988551,117.0,Asia
Kazakhstan,2021,197112.0,19743603.0,9983.588101928508,72.0,Asia
Kenya,2021,109875.0,53219166.0,2064.575758289786,152.0,Africa
Kiribati,2021,285.0,128377.0,2220.0238360453977,149.0,Oceania
South Korea,2021,1942314.0,51769539.0,37518.472011118356,29.0,Asia
Kosovo,2021,9418.0,1786079.0,5273.003041858731,102.0,
Kuwait,2021,148455.0,4360865.0,34042.55807047455,31.0,Asia
Kyrgyzstan,2021,9256.0,6851224.0,1350.9994710434223,162.0,Asia
Laos,2021,18533.0,7453194.0,2486.584945997649,139.0,Asia
Latvia,2021,38209.0,1884490.0,20275.512207546868,47.0,Europe
Lebanon,2021,19782.0,5718122.0,3459.5274462489606,130.0,Asia
Lesotho,2021,2445.0,2261542.0,1081.1207574301075,169.0,Africa
Liberia,2021,3509.0,5259323.0,667.1961391228491,182.0,Africa
Libya,2021,35216.0,7135175.0,4935.548182069816,106.0,Africa
Lithuania,2021,67068.0,2808380.0,23881.383573448038,43.0,Europe
Luxembourg,2021,86444.0,640064.0,135055.24447555243,1.0,Europe
Macau,2021,30969.0,682500.0,45375.82417582418,23.0,Asia
Madagascar,2021,14355.0,29691083.0,483.4784908317423,191.0,Africa
Malawi,2021,12475.0,20047258.0,622.2796154965432,183.0,Africa
Malaysia,2021,373785.0,34282399.0,10903.11678596355,67.0,Asia
Maldives,2021,5242.0,516154.0,10155.883709125572,71.0,Asia
Mali,2021,19320.0,22388630.0,862.9380180922192,176.0,Africa
Malta,2021,19737.0,518150.0,38091.28630705394,28.0,Europe
Marshall Islands,2021,259.0,41367.0,6261.0293228902265,94.0,Oceania
Mauritania,2021,9126.0,4734874.0,1927.4008136224957,156.0,Africa
Mauritius,2021,11484.0,1266334.0,9068.69751582126,78.0,Africa
Mexico,2021,1316569.0,127648148.0,10314.047016177627,70.0,North America
Federated States of Micronesia,2021,392.0,111624.0,3511.789579301942,128.0,Oceania
Moldova,2021,13694.0,2595809.0,5275.426658895165,101.0,Europe
Mongolia,2021,15286.0,3383741.0,4517.485233060095,113.0,Asia
Montenegro,2021,5865.0,625053.0,9383.204304274997,77.0,Europe
Morocco,2021,142022.0,36954442.0,3843.164510507289,124.0,Africa
Mozambique,2021,16168.0,31707800.0,509.90607989201396,189.0,Africa
Myanmar,2021,58264.0,53387102.0,1091.3497421156144,167.0,Asia
Namibia,2021,12399.0,2810548.0,4411.595176456691,115.0,Africa
Nauru,2021,176.0,11709.0,15031.172602271758,59.0,Oceania
Nepal,2021,36927.0,29475010.0,1252.8240024346048,164.0,Asia
Netherlands,2021,1055173.0,17533044.0,60181.962698547955,12.0,Europe
New Zealand,2021,249775.0,5111300.0,48867.21577680825,21.0,Oceania
Nicaragua,2021,14208.0,6644741.0,2138.232325383337,151.0,North America
Niger,2021,14923.0,24502140.0,609.0488422643899,184.0,Africa
Nigeria,2021,441074.0,218529286.0,2018.374782041799,153.0,Africa
North Macedonia,2021,14008.0,1837114.0,7625.003129909194,86.0,Europe
Norway,2021,503368.0,5408320.0,93072.8950949648,4.0,Europe
Oman,2021,87324.0,4500424.0,19403.505091964667,48.0,Asia
Pakistan,2021,348481.0,239477801.0,1455.1703687975655,161.0,Asia
Palau,2021,236.0,17783.0,13271.101613900917,62.0,Oceania
Panama,2021,67407.0,4345405.0,15512.24799529618,58.0,North America
Papua New Guinea,2021,26113.0,10012896.0,2607.9368046966633,138.0,Oceania
Paraguay,2021,39951.0,6684182.0,5976.946767757072,99.0,South America
Peru,2021,226268.0,33155882.0,6824.36980563509,92.0,South America
Philippines,2021,394087.0,113100950.0,3484.382757174011,129.0,Asia
Poland,2021,689253.0,36981559.0,18637.74861411332,51.0,Europe
Portugal,2021,256226.0,10361831.0,24727.86904167806,42.0,Europe
Puerto Rico,2021,106427.0,3262711.0,32619.193057552446,32.0,North America
Qatar,2021,179732.0,2504910.0,71751.87930903705,6.0,Asia
Romania,2021,286783.0,19122059.0,14997.495824063717,61.0,Europe
Russia,2021,1828927.0,144746762.0,12635.356913890757,66.0,Europe
Rwanda,2021,11066.0,13355260.0,828.5873880403676,178.0,Africa
Samoa,2021,844.0,213779.0,3948.0023762857904,122.0,Oceania
San Marino,2021,1857.0,34252.0,54215.81221534509,13.0,Europe
Sao Tome and Principe,2021,529.0,221961.0,2383.3015709967067,144.0,Africa
Saudi Arabia,2021,874157.0,30784383.0,28396.11890223689,37.0,Asia
Senegal,2021,27584.0,17220867.0,1601.7776573037816,159.0,Africa
Serbia,2021,65830.0,6834326.0,9632.259274725848,74.0,Europe
Seychelles,2021,1490.0,99258.0,15011.384472788088,60.0,Africa
Sierra Leone,2021,7165.0,8094602.0,885.157787869002,175.0,Africa
Singapore,2021,436591.0,5453566.0,80056.05873294648,5.0,Asia
Slovakia,2021,120672.0,5447247.0,22152.84160971588,45.0,Europe
Slovenia,2021,61570.0,2108079.0,29206.68532820639,35.0,Europe
Solomon Islands,2021,1523.0,762591.0,1997.1387021352207,155.0,Oceania
Somalia,2021,9484.0,17271431.0,549.1148938382697,186.0,Africa
South Africa,2021,420778.0,61502603.0,6841.629125843666,91.0,Africa
South Sudan,2021,5940.0,10865780.0,546.6703724905161,187.0,Africa
Spain,2021,1462216.0,47443821.0,30819.94597357578,34.0,Europe
Sri Lanka,2021,88609.0,22156000.0,3999.3229824878135,120.0,Asia
Saint Kitts and Nevis,2021,859.0,46763.0,18369.223531424417,52.0,North America
Saint Lucia,2021,1867.0,178522.0,10458.094800640818,69.0,North America
Saint Vincent and the Grenadines,2021,888.0,102841.0,8634.688499722874,79.0,North America
Sudan,2021,35142.0,48066924.0,731.1056559392067,181.0,Africa
Suriname,2021,3084.0,617896.0,4991.131193598922,105.0,South America
Sweden,2021,637187.0,10415811.0,61174.977157323614,11.0,Europe
Switzerland,2021,814699.0,8704546.0,93594.65732043923,3.0,Europe
Syria,2021,,21628839.0,,,Asia
Tajikistan,2021,8934.0,9966908.0,896.3662552117468,174.0,Asia
Tanzania,2021,67964.0,62830412.0,1081.7054645447813,168.0,Africa
Thailand,2021,506195.0,71727332.0,7057.212165649769,89.0,Asia
Timor-Leste,2021,3625.0,1350139.0,2684.9087390261298,137.0,
Togo,2021,8338.0,8878379.0,939.1353984775825,171.0,Africa
Tonga,2021,520.0,105490.0,4929.377192150915,107.0,Oceania
Trinidad and Tobago,2021,24177.0,1367558.0,17678.957674921283,55.0,North America
Tunisia,2021,46813.0,12048622.0,3885.340580856466,123.0,Africa
Turkey,2021,807893.0,84147318.0,9600.935825429398,76.0,Asia
Turkmenistan,2021,60934.0,7092043.0,8591.882480125967,80.0,Asia
Tuvalu,2021,62.0,10194.0,6082.009024916618,97.0,Oceania
Uganda,2021,42805.0,45910930.0,932.3487892752336,172.0,Africa
Ukraine,2021,199835.0,44298640.0,4511.086570603522,114.0,Europe
United Arab Emirates,2021,415179.0,9575152.0,43360.042743968974,25.0,Asia
United Kingdom,2021,3144079.0,66984000.0,46937.76125641944,22.0,Europe
United States,2021,23681175.0,332099760.0,71307.4137722954,7.0,North America
Uruguay,2021,60742.0,3396695.0,17882.677131741297,53.0,South America
Uzbekistan,2021,77340.0,34243696.0,2258.517888956846,147.0,Asia
Vanuatu,2021,921.0,305868.0,3011.1028286711917,135.0,Oceania
Venezuela,2021,56615.0,28237826.0,2004.9347991591137,154.0,South America
Vietnam,2021,370076.0,98935098.0,3740.5936566616633,126.0,Asia
Palestine,2021,18109.0,4922749.0,3678.63565662194,127.0,Asia
Yemen,2021,19394.0,37140230.0,522.1830882576656,188.0,Asia
Zambia,2021,22096.0,19603607.0,1127.1395106012887,166.0,Africa
Zimbabwe,2021,36016.0,15797210.0,2279.8962601623957,145.0,Africa
Afghanistan,2022,14501.0,40578842.0,357.35371650083067,192.0,Asia
Albania,2022,19185.0,2777689.0,6906.820741990914,94.0,Europe
Algeria,2022,225709.0,45477389.0,4963.103752504349,113.0,Africa
Andorra,2022,3376.0,79705.0,42356.18844489053,24.0,Europe
Angola,2022,142442.0,35635029.0,3997.2466417804794,123.0,Africa
Antigua and Barbuda,2022,1867.0,92840.0,20109.866436880657,53.0,North America
Argentina,2022,632318.0,45407904.0,13925.2849019413,65.0,South America
Armenia,2022,19514.0,2969200.0,6572.140643944497,97.0,Asia
Aruba,2022,3279.0,107310.0,30556.332121889853,36.0,North America
Australia,2022,1725461.0,26014399.0,66327.15212832708,10.0,Oceania
Austria,2022,472339.0,9041851.0,52239.19305903183,16.0,Europe
Azerbaijan,2022,78807.0,10141756.0,7770.547822290341,87.0,Asia
Bahamas,2022,13136.0,397538.0,33043.38201631039,35.0,North America
Bahrain,2022,46458.0,1524693.0,30470.396335524594,37.0,Asia
Bangladesh,2022,460201.0,169384897.0,2716.895119639858,140.0,Asia
Barbados,2022,6257.0,282318.0,22162.9509985194,46.0,North America
Belarus,2022,73735.0,9228071.0,7990.293962844456,86.0,Europe
Belgium,2022,593906.0,11680210.0,50847.202233521486,17.0,Europe
Belize,2022,2847.0,402733.0,7069.199693096915,92.0,North America
Benin,2022,17439.0,13759501.0,1267.415148267368,166.0,Africa
Bhutan,2022,2869.0,780914.0,3673.900070942511,130.0,Asia
Bolivia,2022,44329.0,12077154.0,3670.4839567335152,131.0,South America
Bosnia and Herzegovina,2022,24535.0,3204802.0,7655.699166438363,88.0,Europe
Botswana,2022,20321.0,2439892.0,8328.647333570503,85.0,Africa
Brazil,2022,1951849.0,210306415.0,9280.97699730177,82.0,South America
Brunei,2022,16682.0,455370.0,36633.94602191624,28.0,Asia
Bulgaria,2022,90719.0,6465097.0,14032.117383544284,63.0,Europe
Burkina Faso,2022,19588.0,22509038.0,870.2282167723027,176.0,Africa
Burundi,2022,3922.0,13321097.0,294.4201967750854,193.0,Africa
Cape Verde,2022,2309.0,519741.0,4442.59737061344,116.0,Africa
Cambodia,2022,39838.0,17201724.0,2315.9306590432448,147.0,Asia
Cameroon,2022,44442.0,27632771.0,1608.307758928701,159.0,Africa
Canada,2022,2190411.0,38935934.0,56256.79866829443,12.0,North America
Central African Republic,2022,2460.0,5098039.0,482.5384819535512,191.0,Africa
Chad,2022,17867.0,18455316.0,968.1221389002496,173.0,Africa
Chile,2022,301270.0,19553036.0,15407.837432509203,62.0,South America
China,2022,18307816.0,1412175000.0,12964.268592773558,68.0,Asia
Colombia,2022,345632.0,51737944.0,6680.435542626124,96.0,South America
Comoros,2022,1223.0,834188.0,1466.0963715613268,162.0,Africa
Democratic Republic of the Congo,2022,63324.0,102396968.0,618.4167484334106,184.0,Africa
Republic of the Congo,2022,13967.0,6035104.0,2314.293175395155,148.0,Africa
Costa Rica,2022,69235.0,5081765.0,13624.203401770841,66.0,North America
Ivory Coast,2022,71075.0,30395002.0,2338.377868835146,145.0,Africa
Croatia,2022,71260.0,3855641.0,18482.011162346287,56.0,Europe
Cyprus,2022,31001.0,1331370.0,23285.037217302477,44.0,Asia
Czech Republic,2022,301831.0,10672118.0,28282.20227699881,41.0,Europe
Denmark,2022,401946.0,5903037.0,68091.39092301132,9.0,Europe
Djibouti,2022,3563.0,1137096.0,3133.420573109043,137.0,Africa
Dominica,2022,607.0,66826.0,9083.290934666147,83.0,North America
Dominican Republic,2022,113813.0,11230734.0,10134.066037001678,78.0,North America
Ecuador,2022,116133.0,17823897.0,6515.578495544493,100.0,South America
Egypt,2022,475231.0,112618250.0,4219.840034807858,120.0,Africa
El Salvador,2022,31989.0,6280319.0,5093.53107700421,111.0,North America
Equatorial Guinea,2022,13717.0,1803545.0,7605.576794590654,90.0,Africa
Eritrea,2022,,3409447.0,,,Africa
Estonia,2022,38406.0,1348840.0,28473.354882714037,39.0,Europe
Eswatini,2022,4791.0,1218917.0,3930.5383385415084,125.0,Africa
Ethiopia,2022,118958.0,125384287.0,948.7472700626355,174.0,Africa
Fiji,2022,4970.0,919422.0,5405.570021165471,108.0,Oceania
Finland,2022,280474.0,5556106.0,50480.318410051936,18.0,Europe
France,2022,2797049.0,68065015.0,41093.78364200757,25.0,Europe
Gabon,2022,20485.0,2430747.0,8427.45049155671,84.0,Africa
Gambia,2022,2135.0,2636470.0,809.7949151706638,180.0,Africa
Georgia,2022,24985.0,3712502.0,6729.962704397196,95.0,Asia
Germany,2022,4166872.0,83797985.0,49725.20520630657,20.0,Europe
Ghana,2022,73919.0,33149152.0,2229.8911296433766,149.0,Africa
Greece,2022,219053.0,10436882.0,20988.356484245007,49.0,Europe
Grenada,2022,1231.0,116913.0,10529.1969242086,76.0,North America
Guatemala,2022,95631.0,17847877.0,5358.116262231077,109.0,North America
Guinea,2022,19589.0,14055137.0,1393.7252977327792,164.0,Africa
Guinea-Bissau,2022,1721.0,2105529.0,817.3717863776751,179.0,Africa
Guyana,2022,14718.0,821637.0,17913.019983277285,57.0,South America
Haiti,2022,19826.0,11503606.0,1723.459583021185,158.0,North America
Honduras,2022,31233.0,10463872.0,2984.8415576948955,139.0,North America
Hong Kong,2022,358680.0,7346100.0,48825.907624453794,21.0,Asia
Hungary,2022,178321.0,9605074.0,18565.29163648297,55.0,Europe
Iceland,2022,28696.0,382003.0,75119.82890186727,8.0,Europe
India,2022,3346107.0,1425423212.0,2347.448092489741,143.0,Asia
Indonesia,2022,1319101.0,278830529.0,4730.834190685052,115.0,Asia
Iran,2022,376254.0,89524246.0,4202.81674307539,121.0,Asia
Iraq,2022,288059.0,44070551.0,6536.314919230304,98.0,Asia
Ireland,2022,549003.0,5212836.0,105317.52773346409,3.0,Europe
Israel,2022,525183.0,9557500.0,54949.82997645828,14.0,Asia
Italy,2022,2105722.0,59013667.0,35681.93788059298,30.0,Europe
Jamaica,2022,17003.0,2839144.0,5988.776898952642,105.0,North America
Japan,2022,4262146.0,125124989.0,34063.10788966383,34.0,Asia
Jordan,2022,48722.0,11256263.0,4328.434756721658,118.0,Asia
Kazakhstan,2022,225496.0,20034609.0,11255.323225923701,73.0,Asia
Kenya,2022,114733.0,54252461.0,2114.7980733998406,151.0,Africa
Kiribati,2022,271.0,130469.0,2077.121768389426,152.0,Oceania
South Korea,2022,1799363.0,51672569.0,34822.40257882282,32.0,Asia
Kosovo,2022,9375.0,1768096.0,5302.31390150761,110.0,
Kuwait,2022,183977.0,4589643.0,40085.25281813858,26.0,Asia
Kyrgyzstan,2022,12269.0,6975220.0,1758.9409366299558,157.0,Asia
Laos,2022,15121.0,7559007.0,2000.3950254312504,155.0,Asia
Latvia,2022,38045.0,1879383.0,20243.345821474388,52.0,Europe
Lebanon,2022,24748.0,5744489.0,4308.1290607397805,119.0,Asia
Lesotho,2022,2275.0,2286110.0,995.1402163500444,171.0,Africa
Liberia,2022,3974.0,5373294.0,739.583577596908,181.0,Africa
Libya,2022,43281.0,7223805.0,5991.440798858774,104.0,Africa
Lithuania,2022,71082.0,2831639.0,25102.77616602964,42.0,Europe
Luxembourg,2022,80865.0,653103.0,123816.61085617429,1.0,Europe
Macau,2022,24998.0,677300.0,36908.31241694965,27.0,Asia
Madagascar,2022,15326.0,30437261.0,503.52756774008014,190.0,Africa
Malawi,2022,12531.0,20568728.0,609.2258111439852,187.0,Africa
Malaysia,2022,407605.0,34695493.0,11748.067681297971,71.0,Asia
Maldives,2022,6168.0,524106.0,11768.611693054458,70.0,Asia
Mali,2022,19319.0,23072640.0,837.3120717871903,178.0,Africa
Malta,2022,19254.0,531113.0,36252.17232491014,29.0,Europe
Marshall Islands,2022,253.0,40077.0,6312.84776804651,101.0,Oceania
Mauritania,2022,9564.0,4875637.0,1961.589839440467,156.0,Africa
Mauritius,2022,12908.0,1262523.0,10223.972157338916,77.0,Africa
Mexico,2022,1466465.0,128613117.0,11402.141820417897,72.0,North America
Federated States of Micronesia,2022,416.0,112114.0,3710.5089462511373,128.0,Oceania
Moldova,2022,14493.0,2528654.0,5731.507750763845,107.0,Europe
Mongolia,2022,17146.0,3433748.0,4993.377498872952,112.0,Asia
Montenegro,2022,6243.0,623591.0,10011.369631697698,80.0,Europe
Morocco,2022,130952.0,37329064.0,3508.044027034806,133.0,Africa
Mozambique,2022,18884.0,32656246.0,578.2660995388142,188.0,Africa
Myanmar,2022,61723.0,53756787.0,1148.1899020490193,167.0,Asia
Namibia,2022,12564.0,2889662.0,4347.913354572265,117.0,Africa
Nauru,2022,152.0,11801.0,12880.264384374206,69.0,Oceania
Nepal,2022,41183.0,29715436.0,1385.912695341236,165.0,Asia
Netherlands,2022,1047364.0,17700982.0,59169.82458939284,11.0,Europe
New Zealand,2022,245203.0,5117100.0,47918.35219167107,22.0,Oceania
Nicaragua,2022,15634.0,6730654.0,2322.805480715544,146.0,North America
Niger,2022,15458.0,25311973.0,610.6991343582738,186.0,Africa
Nigeria,2022,476468.0,223150896.0,2135.1830019091653,150.0,Africa
North Macedonia,2022,13957.0,1831712.0,7619.64763019514,89.0,Europe
Norway,2022,596298.0,5457127.0,109269.5845268032,2.0,Europe
Oman,2022,109853.0,4730226.0,23223.626101585844,45.0,Asia
Pakistan,2022,374850.0,243700667.0,1538.1574642961482,161.0,Asia
Palau,2022,248.0,17759.0,13964.750267470015,64.0,Oceania
Panama,2022,76523.0,4400773.0,17388.536059460464,58.0,North America
Papua New Guinea,2022,31653.0,10203169.0,3102.271460954925,138.0,Oceania
Paraguay,2022,41953.0,6760464.0,6205.6391395620185,102.0,South America
Peru,2022,244419.0,33475438.0,7301.442926601886,91.0,South America
Philippines,2022,404353.0,113964338.0,3548.0660625607284,132.0,Asia
Poland,2022,695734.0,36821749.0,18894.648377511887,54.0,Europe
Portugal,2022,257101.0,10434332.0,24639.909866774415,43.0,Europe
Puerto Rico,2022,113567.0,3220137.0,35267.754135926516,31.0,North America
Qatar,2022,235709.0,2657333.0,88701.340780399,6.0,Asia
Romania,2022,296928.0,19048502.0,15587.997418379671,61.0,Europe
Russia,2022,2295527.0,144236933.0,15914.973732837207,60.0,Europe
Rwanda,2022,13313.0,13651030.0,975.2377659414711,172.0,Africa
Samoa,2022,833.0,215261.0,3869.7209434128804,126.0,Oceania
San Marino,2022,1833.0,33755.0,54303.066212412974,15.0,Europe
Sao Tome and Principe,2022,546.0,226305.0,2412.673162325181,142.0,Africa
Saudi Arabia,2022,1108571.0,32175224.0,34454.18126692762,33.0,Asia
Senegal,2022,27750.0,17651103.0,1572.139712742031,160.0,Africa
Serbia,2022,66798.0,6664449.0,10023.034162314094,79.0,Europe
Seychelles,2022,2018.0,119878.0,16833.781010694205,59.0,Africa
Sierra Leone,2022,7119.0,8276807.0,860.1142928668024,177.0,Africa
Singapore,2022,509018.0,5637022.0,90299.09764411066,5.0,Asia
Slovakia,2022,116020.0,5431752.0,21359.590791332153,47.0,Europe
Slovenia,2022,59975.0,2112076.0,28396.23195377439,40.0,Europe
Solomon Islands,2022,1566.0,781066.0,2004.952206343638,154.0,Oceania
Somalia,2022,10203.0,17801897.0,573.1411657982293,189.0,Africa
South Africa,2022,406755.0,62378410.0,6520.765758537289,99.0,Africa
South Sudan,2022,8037.0,11021177.0,729.2324585659045,182.0,Africa
Spain,2022,1447636.0,47786102.0,30294.08006537131,38.0,Europe
Sri Lanka,2022,74584.0,22181000.0,3362.517469906677,135.0,Asia
Saint Kitts and Nevis,2022,981.0,46709.0,21002.37641568006,48.0,North America
Saint Lucia,2022,2343.0,178781.0,13105.419479698625,67.0,North America
Saint Vincent and the Grenadines,2022,970.0,102046.0,9505.517119730317,81.0,North America
Sudan,2022,33517.0,49383346.0,678.7105920283328,183.0,Africa
Suriname,2022,3631.0,623164.0,5826.716562574218,106.0,South America
Sweden,2022,579896.0,10486941.0,55296.96410039877,13.0,Europe
Switzerland,2022,828522.0,8777088.0,94396.00013125082,4.0,Europe
Syria,2022,,22462173.0,,,Asia
Tajikistan,2022,10493.0,10182222.0,1030.521628776116,169.0,Asia
Tanzania,2022,74173.0,64711821.0,1146.2048023652433,168.0,Africa
Thailand,2022,495645.0,71735329.0,6909.357033826387,93.0,Asia
Timor-Leste,2022,3209.0,1369295.0,2343.541749586466,144.0,
Togo,2022,8144.0,9089738.0,895.955416976815,175.0,Africa
Tonga,2022,515.0,105042.0,4902.800784448125,114.0,Oceania
Trinidad and Tobago,2022,28510.0,1365805.0,20874.136498255608,50.0,North America
Tunisia,2022,44596.0,12119334.0,3679.7401573386787,129.0,Africa
Turkey,2022,905800.0,84979913.0,10658.989495552907,75.0,Asia
Turkmenistan,2022,77963.0,7230193.0,10782.976332720302,74.0,Asia
Tuvalu,2022,61.0,9992.0,6104.883907125701,103.0,Oceania
Uganda,2022,47276.0,47312719.0,999.2239084800855,170.0,Africa
Ukraine,2022,161987.0,41048766.0,3946.208760575166,124.0,Europe
United Arab Emirates,2022,502732.0,10074977.0,49899.0717298908,19.0,Asia
United Kingdom,2022,3125404.0,67604000.0,46231.05141707591,23.0,Europe
United States,2022,26006900.0,334017321.0,77860.93224788184,7.0,North America
Uruguay,2022,70600.0,3390913.0,20820.351333107043,51.0,South America
Uzbekistan,2022,90125.0,34938955.0,2579.4990147816384,141.0,Asia
Vanuatu,2022,1072.0,313046.0,3424.4168588641924,134.0,Oceania
Venezuela,2022,89013.0,28213017.0,3155.0330118895117,136.0,South America
Vietnam,2022,411068.0,99680655.0,4123.84930656806,122.0,Asia
Palestine,2022,19166.0,5043612.0,3800.054405453869,127.0,Asia
Yemen,2022,23534.0,38222876.0,615.7045848669263,185.0,Asia
Zambia,2022,29164.0,20152938.0,1447.1339116906925,163.0,Africa
Zimbabwe,2022,32613.0,16069056.0,2029.552949470087,153.0,Africa
Afghanistan,2023,17248.0,41454761.0,416.0680120674197,192.0,Asia
Albania,2023,23388.0,2745972.0,8517.202651738618,86.0,Europe
Algeria,2023,247789.0,46164219.0,5367.555335442803,113.0,Africa
Andorra,2023,3786.0,80856.0,46823.98337785693,25.0,Europe
Angola,2023,109764.0,36749906.0,2986.7831498671044,138.0,Africa
Antigua and Barbuda,2023,2006.0,93316.0,21496.849414891338,54.0,North America
Argentina,2023,645511.0,45538401.0,14175.091479386814,66.0,South America
Armenia,2023,24086.0,2964300.0,8125.358432007557,88.0,Asia
Aruba,2023,3649.0,107359.0,33988.76666138843,32.0,North America
Australia,2023,1742461.0,26652777.0,65376.3395836764,11.0,Oceania
Austria,2023,512509.0,9131761.0,56123.78598169619,14.0,Europe
Azerbaijan,2023,72428.0,10153958.0,7132.982035182734,95.0,Asia
Bahamas,2023,14338.0,399440.0,35895.25335469658,30.0,North America
Bahrain,2023,46192.0,1577059.0,29289.963152932134,41.0,Asia
Bangladesh,2023,451534.0,171466990.0,2633.3581758214805,142.0,Asia
Barbados,2023,6721.0,282336.0,23804.96996486456,46.0,North America
Belarus,2023,71792.0,9178298.0,7821.929512421584,92.0,Europe
Belgium,2023,644968.0,11787423.0,54716.62466002959,16.0,Europe
Belize,2023,3067.0,411106.0,7460.363020729447,93.0,North America
Benin,2023,19679.0,14111034.0,1394.5824239386002,163.0,Africa
Bhutan,2023,2923.0,786385.0,3717.0088442683927,130.0,Asia
Bolivia,2023,45464.0,12244159.0,3713.117413780726,131.0,South America
Bosnia and Herzegovina,2023,27592.0,3185073.0,8662.909766903302,84.0,Europe
Botswana,2023,19411.0,2480244.0,7826.246127397143,91.0,Africa
Brazil,2023,2191137.0,211140729.0,10377.614069903111,82.0,South America
Brunei,2023,15095.0,458949.0,32890.36472462082,36.0,Asia
Bulgaria,2023,102434.0,6446596.0,15889.626091040915,63.0,Europe
Burkina Faso,2023,21181.0,23025776.0,919.8821355684169,177.0,Africa
Burundi,2023,4246.0,13689450.0,310.16585764950383,193.0,Africa
Cape Verde,2023,2588.0,522331.0,4954.71262475327,114.0,Africa
Cambodia,2023,43304.0,17423880.0,2485.324738232816,146.0,Asia
Cameroon,2023,49283.0,28372687.0,1736.9874062333258,156.0,Africa
Canada,2023,2173340.0,40083484.0,54220.33673519996,17.0,North America
Central African Republic,2023,2602.0,5152421.0,505.0053169180081,190.0,Africa
Chad,2023,18343.0,19319064.0,949.476641311401,175.0,Africa
Chile,2023,335627.0,19658835.0,17072.57830893845,61.0,South America
China,2023,18270351.0,1410710000.0,12951.174231415387,70.0,Asia
Colombia,2023,366292.0,52321152.0,7000.839736862063,96.0,South America
Comoros,2023,1335.0,850387.0,1569.8734811327079,161.0,Africa
Democratic Republic of the Congo,2023,64402.0,105789731.0,608.7736436346548,187.0,Africa
Republic of the Congo,2023,14169.0,6182885.0,2291.648639753125,148.0,Africa
Costa Rica,2023,86509.0,5105525.0,16944.192810729553,62.0,North America
Ivory Coast,2023,79630.0,31165654.0,2555.05628086611,144.0,Africa
Croatia,2023,84416.0,3859686.0,21871.209212355618,53.0,Europe
Cyprus,2023,33897.0,1344976.0,25202.680196523954,44.0,Asia
Czech Republic,2023,343207.0,10864042.0,31591.096573448445,39.0,Europe
Denmark,2023,407092.0,5946952.0,68453.89032902906,9.0,Europe
Djibouti,2023,3917.0,1152944.0,3397.389639045782,136.0,Africa
Dominica,2023,654.0,66510.0,9833.107803337844,83.0,North America
Dominican Republic,2023,120794.0,11331265.0,10660.239611376135,79.0,North America
Ecuador,2023,121147.0,17980083.0,6737.844313621911,99.0,South America
Egypt,2023,393828.0,114535772.0,3438.4716069316755,135.0,Africa
El Salvador,2023,34016.0,6309624.0,5391.129487272142,112.0,North America
Equatorial Guinea,2023,12339.0,1847549.0,6678.577942993664,100.0,Africa
Eritrea,2023,,3470390.0,,,Africa
Estonia,2023,41303.0,1370286.0,30141.88278943228,40.0,Europe
Eswatini,2023,4858.0,1230506.0,3947.9693719494257,125.0,Africa
Ethiopia,2023,159761.0,128691692.0,1241.4243492889968,167.0,Africa
Fiji,2023,5442.0,924145.0,5888.686299227935,108.0,Oceania
Finland,2023,295036.0,5583911.0,52836.80201922989,19.0,Europe
France,2023,3056880.0,68287487.0,44764.86299752106,26.0,Europe
Gabon,2023,20059.0,2484789.0,8072.71764322846,89.0,Africa
Gambia,2023,2345.0,2697845.0,869.2122786891018,179.0,Africa
Georgia,2023,30778.0,3715483.0,8283.714391910822,87.0,Asia
Germany,2023,4527009.0,83901923.0,53955.96236810925,18.0,Europe
Ghana,2023,80547.0,33787914.0,2383.899757765454,147.0,Africa
Greece,2023,243569.0,10405588.0,23407.519113768485,47.0,Europe
Grenada,2023,1325.0,117081.0,11316.951512200954,77.0,North America
Guatemala,2023,104436.0,18124838.0,5762.037707592201,110.0,North America
Guinea,2023,22750.0,14405468.0,1579.2614304512704,160.0,Africa
Guinea-Bissau,2023,2005.0,2153339.0,931.1121007885893,176.0,Africa
Guyana,2023,16919.0,826353.0,20474.30093434646,56.0,South America
Haiti,2023,19603.0,11637398.0,1684.4830777464172,158.0,North America
Honduras,2023,34229.0,10644851.0,3215.5452434233225,137.0,North America
Hong Kong,2023,381066.0,7536100.0,50565.41181778374,21.0,Asia
Hungary,2023,214098.0,9592186.0,22320.04258466214,51.0,Europe
Iceland,2023,31452.0,393349.0,79959.52703578756,8.0,Europe
India,2023,3638490.0,1438069596.0,2530.1209413789734,145.0,Asia
Indonesia,2023,1371169.0,281190067.0,4876.30667266778,116.0,Asia
Iran,2023,372820.0,90608707.0,4114.615607526548,122.0,Asia
Iraq,2023,270799.0,45074049.0,6007.869406185364,107.0,Asia
Ireland,2023,551554.0,5307600.0,103917.77828020198,2.0,Europe
Israel,2023,512185.0,9849000.0,52003.75672657123,20.0,Asia
Italy,2023,2305271.0,58993475.0,39076.71144986797,28.0,Europe
Jamaica,2023,19315.0,2839786.0,6801.568850610574,98.0,North America
Japan,2023,4213167.0,124516650.0,33836.17371652707,33.0,Asia
Jordan,2023,51161.0,11439213.0,4472.423059173739,118.0,Asia
Kazakhstan,2023,261840.0,20330104.0,12879.422554847728,71.0,Asia
Kenya,2023,108747.0,55339003.0,1965.1058765912353,154.0,Africa
Kiribati,2023,289.0,132530.0,2180.63834603486,149.0,Oceania
South Korea,2023,1839058.0,51712619.0,35563.041198899635,31.0,Asia
Kosovo,2023,10470.0,1682668.0,6222.261313580576,104.0,
Kuwait,2023,163716.0,4853420.0,33732.08994894322,34.0,Asia
Kyrgyzstan,2023,15187.0,7099750.0,2139.0894045564983,151.0,Asia
Laos,2023,14978.0,7664993.0,1954.0787578018662,155.0,Asia
Latvia,2023,42584.0,1877445.0,22681.88948278112,49.0,Europe
Lebanon,2023,23607.0,5773493.0,4088.8592053372195,123.0,Asia
Lesotho,2023,2213.0,2311472.0,957.3985754532177,174.0,Africa
Liberia,2023,4390.0,5493031.0,799.1944702296419,180.0,Africa
Libya,2023,43958.0,7305659.0,6016.979440184657,106.0,Africa
Lithuania,2023,79824.0,2871585.0,27797.88862248549,42.0,Europe
Luxembourg,2023,87599.0,666430.0,131445.16303287668,1.0,Europe
Macau,2023,45802.0,678800.0,67474.95580436064,10.0,Asia
Madagascar,2023,15870.0,31195932.0,508.72017543825905,189.0,Africa
Malawi,2023,13439.0,21104482.0,636.7841674578888,184.0,Africa
Malaysia,2023,399705.0,35126298.0,11379.081279786444,76.0,Asia
Maldives,2023,6581.0,525994.0,12511.549561401842,73.0,Asia
Mali,2023,21184.0,23769127.0,891.2401368380084,178.0,Africa
Malta,2023,22217.0,552747.0,40193.79571485689,27.0,Europe
Marshall Islands,2023,259.0,38827.0,6670.615808586808,101.0,Oceania
Mauritania,2023,10649.0,5022441.0,2120.2837425068806,152.0,Africa
Mauritius,2023,14101.0,1261041.0,11182.031353461149,78.0,Africa
Mexico,2023,1793799.0,129739759.0,13826.13174115731,67.0,North America
Federated States of Micronesia,2023,444.0,112630.0,3942.111338009411,126.0,Oceania
Moldova,2023,16751.0,2457783.0,6815.49184773432,97.0,Europe
Mongolia,2023,20315.0,3481145.0,5835.723590944934,109.0,Asia
Montenegro,2023,7532.0,623529.0,12079.630618623993,75.0,Europe
Morocco,2023,144438.0,37712505.0,3829.9762903578003,127.0,Africa
Mozambique,2023,20954.0,33635160.0,622.9790493043589,186.0,Africa
Myanmar,2023,61466.0,54133798.0,1135.445918647718,170.0,Asia
Namibia,2023,12402.0,2963095.0,4185.488484169424,121.0,Africa
Nauru,2023,152.0,11875.0,12800.0,72.0,Oceania
Nepal,2023,40907.0,29694614.0,1377.5898888599797,164.0,Asia
Netherlands,2023,1154694.0,17877117.0,64590.6160372503,12.0,Europe
New Zealand,2023,253436.0,5245000.0,48319.54242135367,24.0,Oceania
Nicaragua,2023,17820.0,6823613.0,2611.5197330212013,143.0,North America
Niger,2023,16809.0,26159867.0,642.5491383423317,183.0,Africa
Nigeria,2023,363816.0,227882945.0,1596.5038542046225,159.0,Africa
North Macedonia,2023,15772.0,1827816.0,8628.877304936603,85.0,Europe
Norway,2023,482950.0,5519594.0,87497.37752450633,4.0,Europe
Oman,2023,105896.0,5049269.0,20972.540777684848,55.0,Asia
Pakistan,2023,337754.0,247504495.0,1364.637842233936,165.0,Asia
Palau,2023,275.0,17727.0,15513.059175269364,64.0,Oceania
Panama,2023,83382.0,4458759.0,18700.719191147135,57.0,North America
Papua New Guinea,2023,30729.0,10389635.0,2957.6592440446657,140.0,Oceania
Paraguay,2023,43118.0,6844146.0,6299.982495990003,103.0,South America
Peru,2023,267482.0,33845617.0,7903.002625125729,90.0,South America
Philippines,2023,437055.0,114891199.0,3804.077281846454,128.0,Asia
Poland,2023,809706.0,36687353.0,22070.439369119926,52.0,Europe
Portugal,2023,289781.0,10578174.0,27394.23647219265,43.0,Europe
Puerto Rico,2023,117902.0,3203792.0,36800.76609218077,29.0,North America
Qatar,2023,213003.0,2656032.0,80195.94643438031,7.0,Asia
Romania,2023,350847.0,19059479.0,18408.00580120789,59.0,Europe
Russia,2023,2059762.0,143826130.0,14321.19462576098,65.0,Europe
Rwanda,2023,14331.0,13954471.0,1026.9826781681656,172.0,Africa
Samoa,2023,938.0,216663.0,4329.304034375967,119.0,Oceania
San Marino,2023,2003.0,33860.0,59155.34554046072,13.0,Europe
Sao Tome and Principe,2023,684.0,230871.0,2962.693452187585,139.0,Africa
Saudi Arabia,2023,1067583.0,33702731.0,31676.453756818697,38.0,Asia
Senegal,2023,30625.0,18077573.0,1694.0880282989315,157.0,Africa
Serbia,2023,81343.0,6623183.0,12281.557070067367,74.0,Europe
Seychelles,2023,2187.0,119773.0,18259.54096499211,60.0,Africa
Sierra Leone,2023,6397.0,8460512.0,756.1008128113286,181.0,Africa
Singapore,2023,505440.0,5917648.0,85412.31245927436,5.0,Asia
Slovakia,2023,132947.0,5426740.0,24498.501862996938,45.0,Europe
Slovenia,2023,69168.0,2120461.0,32619.321930467006,37.0,Europe
Solomon Islands,2023,1661.0,800005.0,2076.237023518603,153.0,Oceania
Somalia,2023,10969.0,18358615.0,597.4851588750023,188.0,Africa
South Africa,2023,380592.0,63212384.0,6020.84553558366,105.0,Africa
South Sudan,2023,7186.0,11483374.0,625.7742715686173,185.0,Africa
Spain,2023,1620558.0,48347910.0,33518.67743610841,35.0,Europe
Sri Lanka,2023,83723.0,22037000.0,3799.2013431955347,129.0,Asia
Saint Kitts and Nevis,2023,1056.0,46758.0,22584.370588990118,50.0,North America
Saint Lucia,2023,2430.0,179285.0,13553.838859915777,68.0,North America
Saint Vincent and the Grenadines,2023,1071.0,101323.0,10570.15682520257,81.0,North America
Sudan,2023,36998.0,50042791.0,739.3272689366986,182.0,Africa
Suriname,2023,3445.0,628886.0,5477.940358029913,111.0,South America
Sweden,2023,585490.0,10536632.0,55567.09202712973,15.0,Europe
Switzerland,2023,894867.0,8888093.0,100681.55227448678,3.0,Europe
Syria,2023,,23594623.0,,,Asia
Tajikistan,2023,11854.0,10389799.0,1140.9267879003241,169.0,Asia
Tanzania,2023,79138.0,66617606.0,1187.944220030963,168.0,Africa
Thailand,2023,515906.0,71702435.0,7195.097349204389,94.0,Asia
Timor-Leste,2023,2080.0,1384286.0,1502.5796692302024,162.0,
Togo,2023,9081.0,9304337.0,975.9964627248562,173.0,Africa
Tonga,2023,512.0,104597.0,4894.977867434057,115.0,Oceania
Trinidad and Tobago,2023,25489.0,1367510.0,18638.986186572674,58.0,North America
Tunisia,2023,48541.0,12200431.0,3978.629935286712,124.0,Africa
Turkey,2023,1130062.0,85325965.0,13244.057655837822,69.0,Asia
Turkmenistan,2023,77876.0,7364438.0,10574.601890870696,80.0,Asia
Tuvalu,2023,63.0,9816.0,6418.092909535452,102.0,Oceania
Uganda,2023,51934.0,48656601.0,1067.3577465881763,171.0,Africa
Ukraine,2023,178763.0,37732836.0,4737.597778232201,117.0,Europe
United Arab Emirates,2023,514130.0,10483751.0,49040.65348366248,23.0,Asia
United Kingdom,2023,3371118.0,68492000.0,49219.149681714654,22.0,Europe
United States,2023,27720725.0,336806231.0,82304.66793234594,6.0,North America
Uruguay,2023,77997.0,3388081.0,23020.996251270262,48.0,South America
Uzbekistan,2023,102634.0,35652307.0,2878.747790430504,141.0,Asia
Vanuatu,2023,1158.0,320409.0,3614.13068921285,133.0,Oceania
Venezuela,2023,102377.0,28300854.0,3617.4526747496734,132.0,South America
Vietnam,2023,433008.0,100352192.0,4314.883326116085,120.0,Asia
Palestine,2023,17848.0,5165775.0,3455.0478872966787,134.0,Asia
Yemen,2023,19412.0,39390799.0,492.80543915852024,191.0,Asia
Zambia,2023,27578.0,20723965.0,1330.7299061738427,166.0,Africa
Zimbabwe,2023,35144.0,16340822.0,2150.687401160113,150.0,Africa
Afghanistan,2024,,42647492.0,,,Asia
Albania,2024,27259.0,2714617.0,10041.563874388174,84.0,Europe
Algeria,2024,264913.0,46814308.0,5658.804141673952,112.0,Africa
Andorra,2024,4038.0,81938.0,49281.163806780736,24.0,Europe
Angola,2024,115946.0,37885849.0,3060.403899091716,139.0,Africa
Antigua and Barbuda,2024,2225.0,93772.0,23727.765217762233,53.0,North America
Argentina,2024,632145.0,45696159.0,13833.657222700052,69.0,South America
Armenia,2024,25533.0,3033500.0,8417.010054392616,89.0,Asia
Aruba,2024,3952.0,107624.0,36720.434103917345,31.0,North America
Australia,2024,1796805.0,27204809.0,66047.33008785322,12.0,Oceania
Austria,2024,521269.0,9178482.0,56792.50664761341,15.0,Europe
Azerbaijan,2024,74316.0,10202850.0,7283.847160352255,99.0,Asia
Bahamas,2024,14761.0,401283.0,36784.51367239579,30.0,North America
Bahrain,2024,46943.0,1588670.0,29548.616138027406,42.0,Asia
Bangladesh,2024,451096.0,173562364.0,2599.042727949937,145.0,Asia
Barbados,2024,7167.0,282467.0,25372.875415535265,47.0,North America
Belarus,2024,71180.0,9133712.0,7793.107555832722,93.0,Europe
Belgium,2024,664965.0,11876844.0,55988.35852352696,16.0,Europe
Belize,2024,3427.0,417072.0,8216.806690451529,90.0,North America
Benin,2024,21249.0,14462724.0,1469.2252994664075,161.0,Africa
Bhutan,2024,3092.0,791524.0,3906.388182796731,131.0,Asia
Bolivia,2024,48404.0,12413315.0,3899.361290678598,132.0,South America
Bosnia and Herzegovina,2024,28795.0,3164253.0,9100.094082236787,87.0,Europe
Botswana,2024,19356.0,2521139.0,7677.482280826245,94.0,Africa
Brazil,2024,2171337.0,211998573.0,10242.224602143902,83.0,South America
Brunei,2024,15463.0,462721.0,33417.54534589958,35.0,Asia
Bulgaria,2024,112232.0,6444366.0,17415.522333771856,62.0,Europe
Burkina Faso,2024,23975.0,23548781.0,1018.099408202913,171.0,Africa
Burundi,2024,4743.0,14047786.0,337.6332754499535,191.0,Africa
Cape Verde,2024,2726.0,524877.0,5193.597738136745,114.0,Africa
Cambodia,2024,47328.0,17638801.0,2683.175574122073,144.0,Asia
Cameroon,2024,52784.0,29123744.0,1812.4043392223198,156.0,Africa
Canada,2024,2241253.0,41288599.0,54282.61201112685,18.0,North America
Central African Republic,2024,2831.0,5330690.0,531.07571440095,188.0,Africa
Chad,2024,19078.0,20299123.0,939.8435587586715,175.0,Africa
Chile,2024,330210.0,19764771.0,16706.998527835207,64.0,South America
China,2024,18748009.0,1408975000.0,13306.133181923029,73.0,Asia
Colombia,2024,418542.0,52886363.0,7913.987203090521,92.0,South America
Comoros,2024,1456.0,866628.0,1680.0749571903978,159.0,Africa
Democratic Republic of the Congo,2024,71011.0,109276265.0,649.8300431479792,182.0,Africa
Republic of the Congo,2024,14893.0,6332961.0,2351.6645689117618,148.0,Africa
Costa Rica,2024,95365.0,5129910.0,18589.994756243286,60.0,North America
Ivory Coast,2024,87096.0,31934230.0,2727.3555679908363,142.0,Africa
Croatia,2024,92506.0,3866300.0,23926.23438429506,50.0,Europe
Cyprus,2024,36156.0,1358282.0,26618.920076979597,45.0,Asia
Czech Republic,2024,344931.0,10882164.0,31696.912489096838,38.0,Europe
Denmark,2024,429458.0,5976992.0,71851.86127068599,10.0,Europe
Djibouti,2024,4257.0,1168722.0,3642.4402039150455,134.0,Africa
Dominica,2024,697.0,66205.0,10527.905747300052,82.0,North America
Dominican Republic,2024,124613.0,11427557.0,10904.605420038597,81.0,North America
Ecuador,2024,121728.0,18135478.0,6712.147316988281,103.0,South America
Egypt,2024,383109.0,116538258.0,3287.4097019710043,137.0,Africa
El Salvador,2024,35337.0,6338193.0,5575.248339708179,113.0,North America
Equatorial Guinea,2024,12544.0,1892516.0,6628.213447072574,105.0,Africa
Eritrea,2024,,3535603.0,,,Africa
Estonia,2024,42752.0,1371986.0,31160.66782022557,39.0,Europe
Eswatini,2024,5199.0,1242822.0,4183.221732476573,127.0,Africa
Ethiopia,2024,143123.0,132059767.0,1083.7744397958843,169.0,Africa
Fiji,2024,5949.0,928784.0,6405.149098175679,106.0,Oceania
Finland,2024,298833.0,5637214.0,53010.76027981198,21.0,Europe
France,2024,3162023.0,68516699.0,46149.66929448834,26.0,Europe
Gabon,2024,20774.0,2538952.0,8182.11608569205,91.0,Africa
Gambia,2024,2558.0,2759988.0,926.8156238360457,177.0,Africa
Georgia,2024,33775.0,3673850.0,9193.353022034105,86.0,Asia
Germany,2024,4658526.0,83510950.0,55783.41522878138,17.0,Europe
Ghana,2024,82825.0,34427414.0,2405.7862725326972,147.0,Africa
Greece,2024,257067.0,10388805.0,24744.616921773006,49.0,Europe
Grenada,2024,1392.0,117207.0,11876.423763085822,76.0,North America
Guatemala,2024,112575.0,18406359.0,6116.092813358688,109.0,North America
Guinea,2024,25758.0,14754785.0,1745.73875525804,158.0,Africa
Guinea-Bissau,2024,2184.0,2201352.0,992.1175713834044,173.0,Africa
Guyana,2024,24659.0,831087.0,29670.780556066933,41.0,South America
Haiti,2024,26229.0,11772557.0,2227.9781699082027,150.0,North America
Honduras,2024,36965.0,10825703.0,3414.5588512819904,135.0,North America
Hong Kong,2024,407107.0,7524100.0,54107.06928403397,20.0,Asia
Hungary,2024,223060.0,9562314.0,23326.989680531304,55.0,Europe
Iceland,2024,33463.0,404610.0,82704.33256716344,7.0,Europe
India,2024,3909097.0,1450935791.0,2694.190207621669,143.0,Asia
Indonesia,2024,1396300.0,283487931.0,4925.43014115123,117.0,Asia
Iran,2024,401357.0,91567738.0,4383.170413142672,124.0,Asia
Iraq,2024,277478.0,46042015.0,6026.625898106327,110.0,Asia
Ireland,2024,577216.0,5380257.0,107284.09442151184,2.0,Europe
Israel,2024,540381.0,9974400.0,54176.792589027915,19.0,Asia
Italy,2024,2372059.0,58986023.0,40213.91643915373,28.0,Europe
Jamaica,2024,20069.0,2839175.0,7068.602675072864,100.0,North America
Japan,2024,4026211.0,123975371.0,32475.893941870116,36.0,Asia
Jordan,2024,53428.0,11552876.0,4624.649308103021,120.0,Asia
Kazakhstan,2024,284810.0,20592571.0,13830.715941200348,70.0,Asia
Kenya,2024,120899.0,56432944.0,2142.3479164935998,152.0,Africa
Kiribati,2024,308.0,134518.0,2289.6564028605835,149.0,Oceania
South Korea,2024,1869714.0,51751065.0,36128.99560617738,32.0,Asia
Kosovo,2024,11151.0,1527324.0,7301.004894835673,98.0,
Kuwait,2024,158568.0,4973861.0,31880.263642269056,37.0,Asia
Kyrgyzstan,2024,17491.0,7224614.0,2421.028998919527,146.0,Asia
Laos,2024,15879.0,7769819.0,2043.6769505184097,155.0,Asia
Latvia,2024,43508.0,1862441.0,23360.740018073055,54.0,Europe
Lebanon,2024,28280.0,5805962.0,4870.855165776145,119.0,Asia
Lesotho,2024,2309.0,2337423.0,987.8400272436782,174.0,Africa
Liberia,2024,4818.0,5612817.0,858.3924970295665,179.0,Africa
Libya,2024,42159.0,7381023.0,5711.80986700624,111.0,Africa
Lithuania,2024,84847.0,2888055.0,29378.595629238363,43.0,Europe
Luxembourg,2024,93169.0,677717.0,137474.7866734935,1.0,Europe
Macau,2024,50182.0,687000.0,73045.12372634643,9.0,Asia
Madagascar,2024,17420.0,31964956.0,544.9718122558968,186.0,Africa
Malawi,2024,11797.0,21655286.0,544.763066163153,187.0,Africa
Malaysia,2024,419617.0,35557673.0,11801.025337062974,78.0,Asia
Maldives,2024,7019.0,527799.0,13298.6231501007,74.0,Asia
Mali,2024,22724.0,24478595.0,928.3212537320871,176.0,Africa
Malta,2024,24315.0,574346.0,42335.10810556703,27.0,Europe
Marshall Islands,2024,280.0,37548.0,7457.121551081283,96.0,Oceania
Mauritania,2024,10697.0,5169395.0,2069.2943758408865,154.0,Africa
Mauritius,2024,14953.0,1259509.0,11872.08666234223,77.0,Africa
Mexico,2024,1852723.0,130861007.0,14157.945460407469,67.0,North America
Federated States of Micronesia,2024,471.0,113160.0,4162.248144220573,128.0,Oceania
Moldova,2024,18126.0,2389275.0,7586.401732743197,95.0,Europe
Mongolia,2024,23586.0,3524788.0,6691.4662669074,104.0,Asia
Montenegro,2024,8023.0,623831.0,12860.854943085547,75.0,Europe
Morocco,2024,155350.0,38081173.0,4079.4436662967287,129.0,Africa
Mozambique,2024,21944.0,34631766.0,633.637914970897,184.0,Africa
Myanmar,2024,61176.0,54500091.0,1122.4935385887704,168.0,Asia
Namibia,2024,13370.0,3030131.0,4412.350489137269,123.0,Africa
Nauru,2024,161.0,11947.0,13476.1864903323,72.0,Oceania
Nepal,2024,43419.0,29651054.0,1464.332431487933,162.0,Asia
Netherlands,2024,1227174.0,17994237.0,68198.168113491,11.0,Europe
New Zealand,2024,257728.0,5338500.0,48277.231432050205,25.0,Oceania
Nicaragua,2024,19710.0,6916140.0,2849.855555266377,141.0,North America
Niger,2024,19866.0,27032412.0,734.8955764657627,181.0,Africa
Nigeria,2024,187640.0,232679478.0,806.4312401457253,180.0,Africa
North Macedonia,2024,16679.0,1792179.0,9306.548062442424,85.0,Europe
Norway,2024,483727.0,5572272.0,86809.6532258296,5.0,Europe
Oman,2024,106943.0,5281538.0,20248.457930246834,56.0,Asia
Pakistan,2024,373078.0,251269164.0,1484.774311582459,160.0,Asia
Palau,2024,306.0,17695.0,17293.020627295846,63.0,Oceania
Panama,2024,87688.0,4515577.0,19419.0022670414,58.0,North America
Papua New Guinea,2024,31654.0,10576502.0,2992.860966697685,140.0,Oceania
Paraguay,2024,43989.0,6929153.0,6348.394962558916,107.0,South America
Peru,2024,289070.0,34217848.0,8447.930448460698,88.0,South America
Philippines,2024,461617.0,115843670.0,3984.827138159556,130.0,Asia
Poland,2024,908583.0,36554707.0,24855.431066647587,48.0,Europe
Portugal,2024,308590.0,10701636.0,28835.778006278666,44.0,Europe
Puerto Rico,2024,120978.0,3203295.0,37766.737062930515,29.0,North America
Qatar,2024,221452.0,2857822.0,77489.78067913257,8.0,Asia
Romania,2024,384148.0,19069340.0,20144.797879737842,57.0,Europe
Russia,2024,2161205.0,143533851.0,15057.1101168323,66.0,Europe
Rwanda,2024,14251.0,14256567.0,999.6095132860527,172.0,Africa
Samoa,2024,1068.0,218019.0,4898.655621757736,118.0,Oceania
San Marino,2024,2063.0,33977.0,60717.544221090735,13.0,Europe
Sao Tome and Principe,2024,796.0,235536.0,3379.525847428843,136.0,Africa
Saudi Arabia,2024,1085358.0,35300280.0,30746.441671284192,40.0,Asia
Senegal,2024,32892.0,18501984.0,1777.7552937025564,157.0,Africa
Serbia,2024,89074.0,6587202.0,13522.28153926356,71.0,Europe
Seychelles,2024,2168.0,121354.0,17865.088913426833,61.0,Africa
Sierra Leone,2024,7653.0,8642022.0,885.5566440353889,178.0,Africa
Singapore,2024,547387.0,6036860.0,90674.12529029993,4.0,Asia
Slovakia,2024,140636.0,5422069.0,25937.700165748538,46.0,Europe
Slovenia,2024,72463.0,2126324.0,34079.00207118012,34.0,Europe
Solomon Islands,2024,1777.0,819198.0,2169.1947490106177,151.0,Oceania
Somalia,2024,12134.0,19009151.0,638.3241418830331,183.0,Africa
South Africa,2024,400191.0,64007187.0,6252.28226324022,108.0,Africa
South Sudan,2024,5423.0,11943408.0,454.05800421454245,190.0,Africa
Spain,2024,1722227.0,48807137.0,35286.37625271894,33.0,Europe
Sri Lanka,2024,98964.0,21916000.0,4515.605037415587,122.0,Asia
Saint Kitts and Nevis,2024,1117.0,46843.0,23845.611937749505,52.0,North America
Saint Lucia,2024,2523.0,179744.0,14036.629873598005,68.0,North America
Saint Vincent and the Grenadines,2024,1162.0,100616.0,11548.859028385148,79.0,North America
Sudan,2024,28270.0,50448963.0,560.3683072732338,185.0,Africa
Suriname,2024,4458.0,634431.0,7026.768868482151,101.0,South America
Sweden,2024,610118.0,10569709.0,57723.25425420889,14.0,Europe
Switzerland,2024,936738.0,9034102.0,103689.11043953233,3.0,Europe
Syria,2024,,24672760.0,,,Asia
Tajikistan,2024,13544.0,10590927.0,1278.8304555399163,164.0,Asia
Tanzania,2024,80171.0,68560157.0,1169.3526314416113,166.0,Africa
Thailand,2024,526411.0,71668011.0,7345.131986431157,97.0,Asia
Timor-Leste,2024,2015.0,1400638.0,1438.6301099927318,163.0,
Togo,2024,9776.0,9515236.0,1027.4048904304634,170.0,Africa
Tonga,2024,539.0,104175.0,5173.986081113511,115.0,Oceania
Trinidad and Tobago,2024,25524.0,1368333.0,18653.354117747655,59.0,North America
Tunisia,2024,53063.0,12277109.0,4322.1087309724135,125.0,Africa
Turkey,2024,1322405.0,85518661.0,15463.350156990882,65.0,Asia
Turkmenistan,2024,82515.0,7494498.0,11010.076992481685,80.0,Asia
Tuvalu,2024,65.0,9646.0,6738.544474393531,102.0,Oceania
Uganda,2024,56453.0,50015092.0,1128.7193073642652,167.0,Africa
Ukraine,2024,190426.0,37860221.0,5029.711791698205,116.0,Europe
United Arab Emirates,2024,537079.0,10876981.0,49377.5800472576,23.0,Asia
United Kingdom,2024,3644636.0,69226000.0,52648.369109872016,22.0,Europe
United States,2024,29184900.0,340110988.0,85809.92978680242,6.0,North America
Uruguay,2024,80961.0,3386588.0,23906.362391882332,51.0,South America
Uzbekistan,2024,114962.0,36361859.0,3161.6095315698794,138.0,Asia
Vanuatu,2024,1206.0,327777.0,3679.3307645136783,133.0,Oceania
Venezuela,2024,119808.0,28405543.0,4217.768341904254,126.0,South America
Vietnam,2024,459472.0,100987686.0,4549.782435850644,121.0,Asia
Palestine,2024,,5289152.0,,,Asia
Yemen,2024,19101.0,40583164.0,470.6631547998574,189.0,Asia
Zambia,2024,26326.0,21314956.0,1235.0952073276624,165.0,Africa
Zimbabwe,2024,35224.0,16634373.0,2117.5429936553664,153.0,Africa
